category,topstory,snippet,link,originallink,sublinks,sublinktext,gpost,gpostsnip,extras,extraslink,relatedTop Stories,Muck may stick on SC collegium as Katju washes more dirty linen,"When judges wash their dirty linen in public, the muck is sure to fly. Some of it will stick on the Supreme Court itself for it is now clear that the collegium system of appointing judges is not all that it is touted to be: always free and independent.",http://www.firstpost.com/india/muck-may-stick-on-sc-collegium-as-katju-washes-more-dirty-linen-1629083.html,http://www.firstpost.com/india/muck-may-stick-on-sc-collegium-as-katju-washes-more-dirty-linen-1629083.html,,,"https://plus.google.com/+timesindia/posts/buamHaSaM16


http://timesofindia.indiatimes.com/india/Corrupt-judge-charge-Katju-poses-six-questions-to-ex-Chief-Justice-of-India/articleshow/38851042.cms","Corrupt judge charge: Justice Markandey Katju poses six questions


 to ex-Chief Justice of India  He earlier alleged that three Chief Justices of India made 'improper compromises' during UPA rul


â€_


e. More details here: 


http://timesofindia.indiatimes.com/india/Corrupt-judge-charge-Katju-poses-six-questions-to-ex-Chief-Justice-of-India/articleshow/38851042.cms","No comment by Manmohan Singh on Markandey Katju claim, says HR Bhardwaj 


Taking the fight forward Markandey Katju poses six questions to Justice Lahoti","http://economictimes.indiatimes.com/news/politics-and-nation/no-comment-by-manmohan-singh-on-markandey-katju-claim-says-h-r-bhardwaj-has-clarified/articleshow/38815454.cms


http://www.dnaindia.com/india/report-taking-the-fight-forward-markandey-katju-poses-six-questions-to-justice-lahoti-2004220",/news/section?pz=1&cf=all&ned=in&hl=en&q=Markandey+Katju&ict=clu_topTop Stories,"Malaysia Airlines Flight 17 LIVE: Packed in train, frozen bodies reach Ukraine`s ","President Vladimir Putin assures that Russia will use its influence to urge the rebels in eastern Ukraine into allowing a full investigation into MH17 crash, Reuters reported.",http://zeenews.india.com/news/world/malaysia-airlines-flight-17-live-packed-in-train-frozen-bodies-reach-ukraine-s-kharkiv_949175.html,http://zeenews.india.com/news/world/malaysia-airlines-flight-17-live-packed-in-train-frozen-bodies-reach-ukraine-s-kharkiv_949175.html,"http://timesofindia.indiatimes.com/world/europe/Train-with-remains-of-MH17-crash-victims-arrives-in-Ukraines-Kharkiv/articleshow/38858373.cms


http://www.hindustantimes.com/world-news/mh17/bodies-black-boxes-handed-over-from-ukraine-crash-site/article1-1243255.aspx",,"https://plus.google.com/+globeandmail/posts/HyYGYRNvNNr


http://bit.ly/1n7jkIy","MH17: Russia attempts to shift blame over Malaysia Airlines tragedy:


 Rebels hand over bodies, black boxes from Ukraine crash site


MH17: Russia attempts to shift blame over Malaysia Airlines tragedy","Praises all around for PM's handling of MH17 tragedy


MH17: Train bearing bodies from plane crash arrives in Kharkiv


Australian PM Alleges 'Coverup' At MH17 Crash Site


Malaysia Airlines Flight 17","http://www.therakyatpost.com/news/2014/07/22/praises-around-pms-handling-mh17-tragedy/


http://www.theglobeandmail.com/news/world/train-bearing-bodies-from-flight-17-crash-arrives-in-kharkiv/article19704666/


http://www.voanews.com/content/autralian-pm-alleges-coverup-at-mh17-crash-site/1962554.html


http://en.wikipedia.org/wiki/Malaysia_Airlines_Flight_17","/news/section?pz=1&cf=all&ned=in&hl=en&q=Malaysia+Airlines&ict=clu_top


/news/section?pz=1&cf=all&ned=in&hl=en&q=Ukraine&ict=clu_top


/news/section?pz=1&cf=all&ned=in&hl=en&q=Malaysia&ict=clu_top


/news/section?pz=1&cf=all&ned=in&hl=en&q=Malaysia+Airlines&ict=clu_top


/news/section?pz=1&cf=all&ned=in&hl=en&q=Ukraine&ict=clu_top


/news/section?pz=1&cf=all&ned=in&hl=en&q=Malaysia&ict=clu_top"Top Stories,Sensex ends above 26000-mark; Nifty closes at 7767.85,"NEW DELHI: The S&P BSE Sensex rallied over 300 points in trade on Tuesday to end above its crucial psychological resistance level of 26,000.",http://economictimes.indiatimes.com/markets/stocks/market-news/Sensex-ends-above-26000-mark-Nifty-closes-at-776785/articleshow/38862988.cms,http://economictimes.indiatimes.com/markets/stocks/market-news/Sensex-ends-above-26000-mark-Nifty-closes-at-776785/articleshow/38862988.cms,"http://www.hindustantimes.com/business-news/sensex-gains-over-100-points-healthcare-stocks-surge/article1-1243145.aspx


http://www.business-standard.com/article/markets/sensex-ends-above-26-000-led-by-telecom-shares-114072200693_1.html",,,,,,"/news/section?pz=1&cf=all&ned=in&hl=en&q=Reliance+Industries&ict=clu_top


/news/section?pz=1&cf=all&ned=in&hl=en&q=Reliance+Industries&ict=clu_top"Top Stories,"I don't mind being an arm candy if it's opposite Salman Khan, says Jacqueline ","Being one of the many foreign exports to Bollywood, Jacqueline Fernandes had initially faced a lot of flak for her poor acting credentials and her language barrier.",http://www.dnaindia.com/entertainment/report-i-don-t-mind-being-an-arm-candy-if-it-s-opposite-salman-khan-says-jacqueline-fernandes-2004313,http://www.dnaindia.com/entertainment/report-i-don-t-mind-being-an-arm-candy-if-it-s-opposite-salman-khan-says-jacqueline-fernandes-2004313,"http://movies.ndtv.com/bollywood/salman-khan-jacqueline-looks-fantastic-563068


http://www.indiatimes.com/entertainment/bollywood/salman-khan-has-a-legacy-of-saying-amazing-lines-163207.html",,,,"'Hate Story 2' box office collections at Rs 15.85 cr, ahead of Salman Khan's 'Kick ",http://www.financialexpress.com/news/hate-story-2-emerges-a-winner-box-office-collections-at-rs-15.85-cr/1272038,"/news/section?pz=1&cf=all&ned=in&hl=en&q=Salman+Khan&ict=clu_top


/news/section?pz=1&cf=all&ned=in&hl=en&q=Kick&ict=clu_top


/news/section?pz=1&cf=all&ned=in&hl=en&q=Salman+Khan&ict=clu_top


/news/section?pz=1&cf=all&ned=in&hl=en&q=Kick&ict=clu_top"Top Stories,Xiaomi Mi 3 review: Blows away the competition with a complete package,"Boy, is it a good start. The Mi 3 exudes confidence from the moment it's in your hands. The well-disguised silver back on our review unit could pass off for metal even on second glance, but tap on it and you can tell it's plastic.",http://tech.firstpost.com/reviews/xiaomi-mi-3-review-blows-away-the-competition-with-a-complete-package-227744.html,http://tech.firstpost.com/reviews/xiaomi-mi-3-review-blows-away-the-competition-with-a-complete-package-227744.html,"http://www.bbc.co.uk/news/technology-28416796


http://www.digit.in/mobile-phones/up-close-and-personal-with-xiaomis-miui-23350.html",,,,Xiaomi Mi 3 goes out of stock as Flipkart crumbles,http://timesofindia.indiatimes.com/tech/tech-news/Xiaomi-Mi-3-goes-out-of-stock-as-Flipkart-crumbles/articleshow/38863644.cms?,"/news/section?pz=1&cf=all&ned=in&hl=en&q=Xiaomi&ict=clu_top


/news/section?pz=1&cf=all&ned=in&hl=en&q=Smartphones&ict=clu_top


/news/section?pz=1&cf=all&ned=in&hl=en&q=Xiaomi&ict=clu_top


/news/section?pz=1&cf=all&ned=in&hl=en&q=Smartphones&ict=clu_top"Top Stories,Cook advised to step down by former England captains,"(Reuters) - Beleaguered England captain Alastair Cook should step down and take a break from the sport to avoid suffering from a damaging burnout that could end his career, a number of former England captains said on Tuesday.",http://uk.reuters.com/article/2014/07/22/uk-cricket-england-cook-idUKKBN0FR0YT20140722,http://uk.reuters.com/article/2014/07/22/uk-cricket-england-cook-idUKKBN0FR0YT20140722,"http://zeenews.india.com/sports/cricket/india-vs-england-2014/no-one-appreciates-my-efforts-other-than-teammates-ishant-sharma_792147.html


http://www.iol.co.za/sport/cricket/world/cook-will-never-improve-ponting-1.1723681",,https://plus.google.com/+skysports/posts/DfpnAZxMrZN,"Alastair Cook has once again reiterated that he won't quit


 as captain of England following another rough outing for the player against India.   One player who is going though is Steven Gerrard, wh


â€_


o has called time on his England career. There are a few reports on Cook today, with Michael Atherton calling for the captain to go.  Elsewhere there is appreciation and regret following Gerrard's farewell, and a call for Wayne Rooney to be given...","Alastair Cook is running out of time to prove he is worthy of the England captaincy


Modi hails India's win against England


Breathtaking Ishant Sharma takes life out of England for India's historic triumph


 - by ","http://www.dailymail.co.uk/sport/cricket/article-2700570/Alastair-Cook-running-time-prove-worthy-England-captaincy.html


http://www.hindustantimes.com/news-feed/archives/modi-hails-india-s-win-against-england/article1-1243032.aspx


http://ibnlive.in.com/news/cricketnext/breathtaking-ishant-sharma-takes-life-out-of-england-for-indias-historic-triumph/487415-78.html


https://plus.google.com/108346135138938454715/posts","/news/section?pz=1&cf=all&ned=in&hl=en&q=India&ict=clu_top


/news/section?pz=1&cf=all&ned=in&hl=en&q=India&ict=clu_top"IndiaÂ Â»,"For Rise in Rape Cases, Akhilesh Yadav 'Punishes' Officers",Lucknow: Uttar Pradesh Chief Minister Akhilesh Yadav has ordered action against officers and bureaucrats for lack of progress in rape cases.,http://www.ndtv.com/article/india/for-rise-in-rape-cases-akhilesh-yadav-punishes-officers-562985,http://www.ndtv.com/article/india/for-rise-in-rape-cases-akhilesh-yadav-punishes-officers-562985,"http://zeenews.india.com/news/uttar-pradesh/up-cm-orders-audit-of-government-departments_949187.html


http://www.pardaphash.com/news/cm-akhilesh-yadav-orders-audit-in-government-departments/760975.html",,,,Meet the 5 CMs of Uttar Pradesh; none of them are Akhilesh,http://www.firstpost.com/politics/meet-the-5-cms-of-uttar-pradesh-none-of-them-are-akhilesh-1628413.html,"/news/section?pz=1&cf=all&ned=in&hl=en&q=Akhilesh+Yadav&ict=clu_bl


/news/section?pz=1&cf=all&ned=in&hl=en&q=Ministry&ict=clu_bl


/news/section?pz=1&cf=all&ned=in&hl=en&q=Akhilesh+Yadav&ict=clu_bl


/news/section?pz=1&cf=all&ned=in&hl=en&q=Ministry&ict=clu_bl"IndiaÂ Â»,What's Happening in the Delhi Darbar?,"The Delhi assembly is in limelight once again. After a brief brush with power, the AAP had set its sight higher and came down crashing in the general elections.",http://www.theindianrepublic.com/tbp/whats-happening-delhi-darbar-100043746.html?utm_source=mostcommented&utm_medium=morenews&utm_campaign=pdt,http://www.theindianrepublic.com/tbp/whats-happening-delhi-darbar-100043746.html?utm_source=mostcommented&utm_medium=morenews&utm_campaign=pdt,"http://www.hindustantimes.com/india-news/all-eyes-on-l-g-jung-as-tug-of-war-continues/article1-1243117.aspx


http://www.thehindu.com/news/cities/Delhi/jagdish-mukhi-meets-amit-shah/article6236520.ece",,,,"Arvind Kejriwal gaye Rajghat: Dear AAP, enough with the Gandhi-giri already


 - by 


Lt. Governor Najeeb Jung to consult all parties","http://www.firstpost.com/politics/arvind-kejriwal-gaye-rajghat-dear-aap-enough-with-the-gandhi-giri-already-1627617.html


https://plus.google.com/104294190408021498141/posts


http://economictimes.indiatimes.com/news/politics-and-nation/lt-governor-najeeb-jung-to-consult-all-parties/articleshow/38826910.cms","/news/section?pz=1&cf=all&ned=in&hl=en&q=Arvind+Kejriwal&ict=clu_bl


/news/section?pz=1&cf=all&ned=in&hl=en&q=Aam+Aadmi+Party&ict=clu_bl


/news/section?pz=1&cf=all&ned=in&hl=en&q=Najeeb+Jung&ict=clu_bl


/news/section?pz=1&cf=all&ned=in&hl=en&q=Arvind+Kejriwal&ict=clu_bl


/news/section?pz=1&cf=all&ned=in&hl=en&q=Aam+Aadmi+Party&ict=clu_bl


/news/section?pz=1&cf=all&ned=in&hl=en&q=Najeeb+Jung&ict=clu_bl"WorldÂ Â»,'Ukraine train carrying MH17 bodies arrives in govt-held Kharkiv',"Kharkiv: A train carrying some 280 bodies from downed Malaysia Airlines flight MH17 has arrived in the government-controlled city of Kharkiv, an AFP journalist at the scene said.",http://zeenews.india.com/news/world/ukraine-train-carrying-mh17-bodies-arrives-in-govt-held-kharkiv_949259.html,http://zeenews.india.com/news/world/ukraine-train-carrying-mh17-bodies-arrives-in-govt-held-kharkiv_949259.html,"http://www.ndtv.com/article/world/train-carrying-mh17-bodies-leaves-rebel-held-ukraine-station-witness-562542


http://mg.co.za/article/2014-07-22-separatist-leader-hands-over-malaysian-planes-black-boxes",,"https://plus.google.com/+globeandmail/posts/HyYGYRNvNNr


http://bit.ly/1n7jkIy","MH17: Russia attempts to shift blame over Malaysia Airlines tragedy:


 Rebels hand over bodies, black boxes from Ukraine crash site


MH17: Russia attempts to shift blame over Malaysia Airlines tragedy",Malaysia Airlines Flight 17,http://en.wikipedia.org/wiki/Malaysia_Airlines_Flight_17,"/news/section?pz=1&cf=all&ned=in&hl=en&q=Ukraine&ict=clu_bl


/news/section?pz=1&cf=all&ned=in&hl=en&q=Malaysia+Airlines&ict=clu_bl


/news/section?pz=1&cf=all&ned=in&hl=en&q=Ukraine&ict=clu_bl


/news/section?pz=1&cf=all&ned=in&hl=en&q=Malaysia+Airlines&ict=clu_bl"WorldÂ Â»,police find body of fugitive ferry owner,Seoul: South Korean police announced Tuesday that a badly-decomposed body found last month had been identified as that of the fugitive tycoon whose family owned the ferry which sank in April with the loss of 300 lives.,http://gulfnews.com/news/world/other-world/s-korea-police-find-body-of-fugitive-ferry-owner-1.1362638,http://gulfnews.com/news/world/other-world/s-korea-police-find-body-of-fugitive-ferry-owner-1.1362638,"http://www.irishtimes.com/news/world/asia-pacific/body-of-fugitive-south-korea-ferry-owner-is-found-1.1874319


http://news.xinhuanet.com/english/world/2014-07/22/c_133501810.htm",,"https://plus.google.com/+YahooNews/posts/S6r7A5Wfxsx


http://yhoo.it/1ySJS3O","BREAKING: South Korean police have confirmed that a body recovered


 from a field last month is that of Yoo Byung-Eun, a fugitive business tycoon wanted over April's ferry disaster: 


http://yhoo.it/1ySJS3O","Police confirm Sewol owner Yoo Byung-eun's death


Man Wanted in Fatal South Korean Ferry Disaster Found Dead


Yoo Byung-eun","http://www.koreaherald.com/view.php?ud=20140722000010


http://www.boston.com/business/news/2014/07/21/man-wanted-fatal-south-korean-ferry-disaster-found-dead/7jMKRNdXyRyd57ZKSoUBFP/story.html


http://en.wikipedia.org/wiki/Yoo_Byung-eun","/news/section?pz=1&cf=all&ned=in&hl=en&q=South+Korea&ict=clu_bl


/news/section?pz=1&cf=all&ned=in&hl=en&q=Police&ict=clu_bl


/news/section?pz=1&cf=all&ned=in&hl=en&q=South+Korea&ict=clu_bl


/news/section?pz=1&cf=all&ned=in&hl=en&q=Police&ict=clu_bl"WorldÂ Â»,Israel pounds Gaza despite international peace efforts,"GAZA/JERUSALEM (Reuters) - Israel pounded targets across the Gaza Strip on Tuesday, saying no ceasefire was near as top U.S. and U.N.",http://www.reuters.com/article/2014/07/22/us-palestinians-israel-idUSKBN0FP00U20140722,http://www.reuters.com/article/2014/07/22/us-palestinians-israel-idUSKBN0FP00U20140722,"http://online.wsj.com/articles/israel-soldier-missing-amid-assault-on-hamas-in-gaza-1406025178


http://www.latimes.com/world/middleeast/la-fg-israel-soldier-unaccounted-for-20140722-story.html",,"https://plus.google.com/+indianexpress/posts/jZSx6x5EboJ


http://iexp.in/Nud99380","ISRAEL-GAZA CRISIS: Israeli air strikes on Tuesday killed 7 people


 in the Hamas-ruled Gaza Strip, raising the Palestinian toll to 583 in the 15-day conflict that has also left 27 Israeli soldiers dead


â€_


 


http://iexp.in/Nud99380","Israel and Gaza: The existential conundrum


Jonathan Kay: Hamas' tunnel network could have been a game-changing 


 - by 


Egypt raises possibility of restarting peace talks as Israeli soldier reported missing","http://www.jpost.com/Jerusalem-Report/Israel/Israel-and-Gaza-The-existential-conundrum-368450


http://fullcomment.nationalpost.com/2014/07/22/jonathan-kay-hamas-tunnel-network-could-have-been-a-game-changing-strategic-asset-for-the-terrorists-now-its-gone/


https://plus.google.com/108292868967450038399/posts


http://www.foxnews.com/world/2014/07/22/egypt-raises-possiblity-restarting-peace-talks-as-israeli-soldier-reported/","/news/section?pz=1&cf=all&ned=in&hl=en&q=Gaza+Strip&ict=clu_bl


/news/section?pz=1&cf=all&ned=in&hl=en&q=Hamas&ict=clu_bl


/news/section?pz=1&cf=all&ned=in&hl=en&q=Palestinian+people&ict=clu_bl"WorldÂ Â»,Putin Misses Global Rally as Micex Erases $28 Billion,"President Vladimir Putin's meddling in Ukraine cost Russia dearly in financial markets. With the downing of Malaysian Airlines Flight 17, the toll is only getting worse.",http://www.bloomberg.com/news/2014-07-22/putin-misses-global-rally-as-micex-erases-28-billion.html,http://www.bloomberg.com/news/2014-07-22/putin-misses-global-rally-as-micex-erases-28-billion.html,"http://zeenews.india.com/business/news/international/european-stocks-rebounds-as-ukraine-rebels-hand-over-black-boxes_104433.html


http://online.wsj.com/article/SB10001424052702304058404580044653885087076.html",,"https://plus.google.com/+Politicususaplus/posts/fseezB3kxni


http://www.politicususa.com/2014/07/21/president-obama-tells-putin-time-get-serious-resolving-ukraine-conflict.html","In a statement Monday morning at the White House, President Obama


 had some harsh and direct words for Russian President Vladimir Putin regarding the recent missile strike of a Malaysian airliner and t


â€_


he ongoing conflict in Ukraine. President Obama called on Putin to back up his words with actions and to â€œget seriousâ€ù about resolving the situation in Ukraine. He also told Putin that Russia needs to compel the pro-Russian separatists at the crash s...


President Obama Tells Putin It Is Time To â€˜Get Seriousâ€™ About Resolving...","UK and Sweden may seek embargo on military supplies to Russia World July 22 


An Outrage Compounded by Mystery","http://en.itar-tass.com/world/741753


http://www.nytimes.com/2014/07/22/opinion/Putins-Unconvincing-Words-on-Flight-17-in-Ukraine.html","/news/section?pz=1&cf=all&ned=in&hl=en&q=Vladimir+Putin&ict=clu_bl


/news/section?pz=1&cf=all&ned=in&hl=en&q=Russia&ict=clu_bl


/news/section?pz=1&cf=all&ned=in&hl=en&q=Vladimir+Putin&ict=clu_bl


/news/section?pz=1&cf=all&ned=in&hl=en&q=Russia&ict=clu_bl"BusinessÂ Â»,"Sahara Chief Subrata Roy Denied Bail Again, To Stay In Jail","The Supreme Court on Tuesday refused to grant bail to Sahara Group chief Subrata Roy, who has been held in Delhi's Tihar Jail since March 4. The top court however said it will facilitate negotiations for Sahara to sell properties in India and abroad.",http://profit.ndtv.com/news/corporates/article-sahara-chief-subrata-roy-denied-bail-again-to-stay-in-jail-591983,http://profit.ndtv.com/news/corporates/article-sahara-chief-subrata-roy-denied-bail-again-to-stay-in-jail-591983,"http://firstbiz.firstpost.com/corporate/sc-rejects-subrata-roys-bail-plea-lets-him-step-out-to-raise-bail-money-91586.html


http://www.financialexpress.com/news/Sahara-Group-chief-Subrata-Roy-gets-conditional-relief--but-no-release-on-bail-or-parole/1272557",,"https://plus.google.com/+indianexpress/posts/BUjdbeg6bre


http://iexp.in/obT99422","ROY'S BAIL PLEA REJECTED AGAIN:  Supreme Court on Tuesday


 dismissed yet another plea by Sahara chief Subrata Roy to release him from jail in a case relating to the groupâ€™s failure to refund invest


â€_


orsâ€™ money. 


http://iexp.in/obT99422",Apex court refuses to release Sahara chief on bail,http://www.thehindubusinessline.com/industry-and-economy/logistics/apex-court-refuses-to-release-sahara-chief-on-bail/article6237852.ece,"/news/section?pz=1&cf=all&ned=in&hl=en&q=Subrata+Roy&ict=clu_bl


/news/section?pz=1&cf=all&ned=in&hl=en&q=Supreme+Court+of+India&ict=clu_bl


/news/section?pz=1&cf=all&ned=in&hl=en&q=Subrata+Roy&ict=clu_bl


/news/section?pz=1&cf=all&ned=in&hl=en&q=Supreme+Court+of+India&ict=clu_bl"BusinessÂ Â»,"Why the govt's plan for 6 new airlines, 50 small airports is just lip service","The government has paid enough lip service in recent weeks on creating airport infrastructure, boosting regional connectivity and enhancing competition among existing airlines.",http://firstbiz.firstpost.com/economy/mere-lip-service-will-create-airport-infrastructure-viable-regional-airlines-91547.html,http://firstbiz.firstpost.com/economy/mere-lip-service-will-create-airport-infrastructure-viable-regional-airlines-91547.html,"http://www.moneylife.in/article/six-more-airlines-to-take-the-sky/38177.html


http://www.travelbizmonitor.com/moca-grants-approval-for-six-new-airlines-for-national-and-regional-operations-24667",,,,,,"/news/section?pz=1&cf=all&ned=in&hl=en&q=Regional+airlines&ict=clu_bl


/news/section?pz=1&cf=all&ned=in&hl=en&q=Regional+airlines&ict=clu_bl"BusinessÂ Â»,Rupee up 8 paise against dollar in early trade,MUMBAI: The rupee recovered by 8 paise to 60.22 against the dollar in early trade on Tuesday at the Interbank Foreign Exchange market on fresh selling of the US currency by exporters amid sustained foreign capital inflows.,http://timesofindia.indiatimes.com/business/india-business/Rupee-up-8-paise-against-dollar-in-early-trade/articleshow/38845022.cms,http://timesofindia.indiatimes.com/business/india-business/Rupee-up-8-paise-against-dollar-in-early-trade/articleshow/38845022.cms,"http://www.thehindubusinessline.com/markets/forex/rupee-trading-strong-at-6024/article6236485.ece


http://www.livemint.com/Money/9HvNtC7VrD0QhKwN2IFPcI/Rupee-trades-higher-at-6022-per-dollar.html",,"https://plus.google.com/+businessline/posts/C4ygwYM3vh1


http://www.thehindubusinessline.com/markets/forex/rupee-rebounds-to-6023-on-fresh-dollar-selling/article6236485.ece","The 


#rupee


 opened strong by 7 paise at 60.23 against the 


#dollar


 in early


 trade at the Interbank Foreign Exchange market today on fresh selling of the US currency by exporters amid sustained foreign capital inflow


â€_


s.  More on this... 


http://www.thehindubusinessline.com/markets/forex/rupee-rebounds-to-6023-on-fresh-dollar-selling/article6236485.ece",,,"/news/section?pz=1&cf=all&ned=in&hl=en&q=Trades&ict=clu_bl


/news/section?pz=1&cf=all&ned=in&hl=en&q=Trades&ict=clu_bl"BusinessÂ Â»,"Amendments likely in Finance Bill, debt MFs may get relief","The Budget proposed doubling the long term capital gains tax on debt mutual funds to 20 percent and increasing the holding period to be eligible for long term capital gains, to three years from one year.",http://www.moneycontrol.com/news/business/amendments-likelyfinance-bill-debt-mfs-may-get-relief_1133692.html,http://www.moneycontrol.com/news/business/amendments-likelyfinance-bill-debt-mfs-may-get-relief_1133692.html,"http://freepressjournal.in/sebi-seeks-status-quo-on-long-term-cap-gains-tax-on-debt-mfs/


http://www.deccanchronicle.com/140722/business-latest/article/mutual-funds-try-escape-route",,,,Budget 2014: Achche din not here for mutual funds,http://timesofindia.indiatimes.com/business/india-business/Budget-2014-Achche-din-not-here-for-mutual-funds/articleshow/38776345.cms,"/news/section?pz=1&cf=all&ned=in&hl=en&q=Taxes&ict=clu_bl


/news/section?pz=1&cf=all&ned=in&hl=en&q=MFS+Investment+Management&ict=clu_bl


/news/section?pz=1&cf=all&ned=in&hl=en&q=Taxes&ict=clu_bl


/news/section?pz=1&cf=all&ned=in&hl=en&q=MFS+Investment+Management&ict=clu_bl"BusinessÂ Â»,Singapore Exchange opens office in India,MUMBAI: Singapore Exchange Ltd has opened an office in Mumbai to attract listings and capital raising from India at a time when the Narendra Modi government is also seeking to allow more companies to raise funds abroad.,http://economictimes.indiatimes.com/markets/stocks/market-news/Singapore-Exchange-opens-office-in-India-to-attract-listings/articleshow/38864893.cms,http://economictimes.indiatimes.com/markets/stocks/market-news/Singapore-Exchange-opens-office-in-India-to-attract-listings/articleshow/38864893.cms,"http://www.livemint.com/Companies/rej5gNkXWQeVAupwvabz9K/Singapore-Exchange-opens-India-office-to-attract-listings.html


http://www.channelnewsasia.com/news/business/singapore/sgx-opens-india-liaison/1276856.html",,,,,,"/news/section?pz=1&cf=all&ned=in&hl=en&q=SGX&ict=clu_bl


/news/section?pz=1&cf=all&ned=in&hl=en&q=SGX&ict=clu_bl"TechnologyÂ Â»,"Google Maps is now in Hindi for Android, PCs",Google Maps is now available in Hindi and the feature is available to devices running on Android and on the desktop/PC version of Google Maps.,http://tech.firstpost.com/news-analysis/google-maps-now-hindi-android-desktops-227748.html,http://tech.firstpost.com/news-analysis/google-maps-now-hindi-android-desktops-227748.html,"http://www.mobiletor.com/113535/google-maps-gains-hindi-support-desktop-android-versions/


http://www.androidos.in/2014/07/google-launches-maps-hindi/?utm_source=feedburner&utm_medium=feed&utm_campaign=Feed%3A+androidosfeeds+%28AndroidOS.in%29",,"https://plus.google.com/+Nextbigwhat/posts/AkqcB9KajtA


http://www.nextbigwhat.com/google-maps-hindi-297/","tarting today, people will be able to see Hindi names for cities,


 localities, important roads, as well as popular points of interest such as public parks and schools, on the new Google Maps and on Goo


â€_


gle Maps on Android.


Google India Launches Google Maps In Hindi - NextBigWhat",,,"/news/section?pz=1&cf=all&ned=in&hl=en&q=Google&ict=clu_bl


/news/section?pz=1&cf=all&ned=in&hl=en&q=Google&ict=clu_bl"TechnologyÂ Â»,Next iPhone Will Offer Bigger Screens,Apple is gearing up for its biggest initial run of iPhones - up to 80 million units - for the model that is commonly known as the iPhone 6. The WSJ's Ramy Inocencio talks to Daisuke Wakabayashi about why it took Apple so long to go bigger with its screens.,http://online.wsj.com/articles/apple-suppliers-gear-up-for-large-screen-iphones-1405985788,http://online.wsj.com/articles/apple-suppliers-gear-up-for-large-screen-iphones-1405985788,"http://www.theregister.co.uk/2014/07/22/apple_iphone_6_70_80_million_units_ordered/


http://www.computerworld.com/s/article/9249875/Apple_s_new_iPhone_6_could_have_biggest_initial_production",,"https://plus.google.com/+Dazeinfo/posts/dbftVprdu44


http://www.dazeinfo.com/2014/07/14/apple-inc-aapl-ios-android-mobile-ad-revenue-traffic-q2-2014/


https://plus.google.com/s/%23iPhone


https://plus.google.com/s/%23iPad","Why 


#advertisers


 must prefer 


#Android


 over 


#iOS


 for branding related campaigns ?Â Any


 idea 


http://www.dazeinfo.com/2014/07/14/apple-inc-aapl-ios-android-mobile-ad-revenue-traffic-q2-2014/


 In the Q2 2014, Android accounted for almost half the internet traffic on mobile devices. the ad revenue generated on Android powered


â€_


 mobile devices went up to 38.6% from 33.46% in Q1 2014. Android is not eating into the revenue generated by ads on 


#iPhone


, 


#iPad


 and iPod, but itâ€™s definitely hurting the revenue share of other platforms.","'Apple Inc asks suppliers to produce up to 80 mn large-screen iPhone 6s'


A supersize iPhone is a big risk for Apple","http://www.financialexpress.com/news/apple-inc-asks-suppliers-to-produce-up-to-80-mn-largescreen-iphone-6s/1272407


http://www.marketwatch.com/story/a-supersize-iphone-means-big-risks-for-apple-2014-07-22?link=MW_home_latest_news","/news/section?pz=1&cf=all&ned=in&hl=en&q=iPhone&ict=clu_bl


/news/section?pz=1&cf=all&ned=in&hl=en&q=Apple+Inc.&ict=clu_bl


/news/section?pz=1&cf=all&ned=in&hl=en&q=iPhone&ict=clu_bl


/news/section?pz=1&cf=all&ned=in&hl=en&q=Apple+Inc.&ict=clu_bl"EntertainmentÂ Â»,Amitabh Bachchan reveals first look for his film 'Shamitabh',"Bollywood superstar Amitabh Bachchan has revealed the first look of his new film Shamitabh, directed by R Balki on Twitter. Well, to be fair, it's not much for the look of a film since all you can see in the photo is Amitabh Bachchan slouching on a chair.",http://www.firstpost.com/bollywood/amitabh-bachchan-reveals-first-look-film-shamitabh-1629013.html,http://www.firstpost.com/bollywood/amitabh-bachchan-reveals-first-look-film-shamitabh-1629013.html,"http://www.indiaglitz.com/-nbsp-nbsp-read-full-story-raquo--telugu-news-110740


http://zeenews.india.com/entertainment/movies/check-out-amitabh-bachchan-s-look-in-shamitabh_158755.html",,,,Big B shares new look,http://www.thehindu.com/entertainment/big-b-shares-new-look/article6234051.ece,"/news/section?pz=1&cf=all&ned=in&hl=en&q=Amitabh+Bachchan&ict=clu_bl


/news/section?pz=1&cf=all&ned=in&hl=en&q=R.+Balki&ict=clu_bl


/news/section?pz=1&cf=all&ned=in&hl=en&q=Amitabh+Bachchan&ict=clu_bl


/news/section?pz=1&cf=all&ned=in&hl=en&q=R.+Balki&ict=clu_bl"EntertainmentÂ Â»,Deepika juggling between Big B and Ranbir,"It almost looked like Deepika Padukone would have to drop out of Shoojit Sircar's Piku, also starring Amitabh Bachchan. According to sources, the dates in August that Shoojit Sircar had finalized clashed with Deepika's lengthy schedule for Imtiaz Ali'sÂ ...",http://www.bollywoodhungama.com/celebrities/news/type/view/id/2582739,http://www.bollywoodhungama.com/celebrities/news/type/view/id/2582739,,,,,,,EntertainmentÂ Â»,ApunKaChoice Â» Article Â» Aamir Khan to broker peace between Salman Khan ,Aamir Khan is a tad worried about the paparazzi boycott of his good friend and superstar Salman Khan. We've already told you that the media photographers are continuing to boycott Salman Khan ever since the actor riled them at a Kick song launch aboutÂ ...,http://www.apunkachoice.com/content/article/sid100020729-aamir_khan_to_broker_peace_between_salman_khan_and_paparazzi/,http://www.apunkachoice.com/content/article/sid100020729-aamir_khan_to_broker_peace_between_salman_khan_and_paparazzi/,"http://www.hindustantimes.com/entertainment/tabloid/media-ban-on-salman-khan-aamir-khan-offers-to-turn-mediator/article1-1243231.aspx


http://indiatoday.intoday.in/story/aamir-khan-salman-khan-photographers-ban-spat-kick-promotions-bollywood/1/373520.html",,,,"Ajay Devgn, Salman Khan, Aamir Khan: Meet Bollywood's khaki brigade


 - by ","http://timesofindia.indiatimes.com/entertainment/hindi/bollywood/news-interviews/Ajay-Devgn-Salman-Khan-Aamir-Khan-Meet-Bollywoods-khaki-brigade/articleshow/38802167.cms


https://plus.google.com/111960067805536446088/posts","/news/section?pz=1&cf=all&ned=in&hl=en&q=Aamir+Khan&ict=clu_bl


/news/section?pz=1&cf=all&ned=in&hl=en&q=Salman+Khan&ict=clu_bl


/news/section?pz=1&cf=all&ned=in&hl=en&q=Aamir+Khan&ict=clu_bl


/news/section?pz=1&cf=all&ned=in&hl=en&q=Salman+Khan&ict=clu_bl"EntertainmentÂ Â»,"Karan Kundra: I Aim to Compete With Varun Dhawan, Sidharth Malhotra",Kitani Mohabbat Hai star Karan Kundra is not worried about being compared to other TV actors entering Bollywood and rather aims to compete with Varun Dhawan and Sidharth Malhotra.,http://movies.ndtv.com/bollywood/karan-kundra-i-aim-to-compete-with-varun-dhawan-sidharth-malhotra-563020,http://movies.ndtv.com/bollywood/karan-kundra-i-aim-to-compete-with-varun-dhawan-sidharth-malhotra-563020,"http://www.ptinews.com/news/4947047_I-aim-to-compete-with-Varun--Sidharth--Karan-.html


http://zeenews.india.com/entertainment/idiotbox/i-aim-to-compete-with-varun-sidharth-tv-actor-karan-kundra_158772.html",,,,,,"/news/section?pz=1&cf=all&ned=in&hl=en&q=Varun+Dhawan&ict=clu_bl


/news/section?pz=1&cf=all&ned=in&hl=en&q=Varun+Dhawan&ict=clu_bl"EntertainmentÂ Â»,OMG: Aamir Khan goes completely nude!,"Bollywood actor Aamir Khan, who is known for his perfectionism, will be seen posing nude for P.K.'s poster. A Bollywoodlife.com report says that the actor will bare it all with just a stereo system to cover his front.",http://timesofindia.indiatimes.com/entertainment/hindi/bollywood/news/OMG-Aamir-Khan-goes-completely-nude/articleshow/38860138.cms,http://timesofindia.indiatimes.com/entertainment/hindi/bollywood/news/OMG-Aamir-Khan-goes-completely-nude/articleshow/38860138.cms,,,,,,,SportsÂ Â»,CWG 2014: India aim top three finish in Glasgow,"Glasgow: The unprecedented success achieved in the last edition would be hard to replicate this time after the dropping of a few disciplines but upbeat after getting back in the Olympic fold, a 215-strong Indian contingent would nonetheless seek a top-fiveÂ ...",http://ibnlive.in.com/news/cwg-2014-india-aim-top-three-finish-in-glasgow/487597-5-23.html,http://ibnlive.in.com/news/cwg-2014-india-aim-top-three-finish-in-glasgow/487597-5-23.html,"http://www.bbc.co.uk/news/uk-scotland-28403766


http://www.bbc.co.uk/sport/0/commonwealth-games/28015180",,"https://plus.google.com/104771037582332553233/posts/UNY3UTERAZ9


http://www.bbc.com/sport/commonwealth-games/2014/medals/countries


http://www.glasgow2014.com


https://plus.google.com/s/%23commonwealthgames


https://plus.google.com/s/%23glasgow2014


https://plus.google.com/s/%23india","Commonwealth Games 2014 starts tomorrow in Glasgow,Scotland,


 UK.   All the best to the Indian athletes.   An estimated 4900 atheletes from 71 countries are participating in 261 events from 23rd July 2


â€_


014 to 3rd August 2014.  You can see the medals' tally of your favorite country here: 


http://www.bbc.com/sport/commonwealth-games/2014/medals/countries


  The official website of Glasgow games for more updated information is: 


http://www.glasgow2014.com


  Â  Â  


#commonwealthgames


 Â  Â  Â  Â  Â  Â  


#glasgow2014


 Â  Â  Â  Â  Â  


#india


 Â ï»¿","Commonwealth Games continue to celebrate and transcend the past


Commonwealth Games: is it time to stop playing?","http://www.telegraph.co.uk/sport/othersports/commonwealthgames/10981499/Commonwealth-Games-continue-to-celebrate-and-transcend-the-past.html


http://www.theguardian.com/commentisfree/2014/jul/22/commonwealth-games-is-it-time-to-stop-playing","/news/section?pz=1&cf=all&ned=in&hl=en&q=Commonwealth+Games&ict=clu_bl


/news/section?pz=1&cf=all&ned=in&hl=en&q=Glasgow&ict=clu_bl


/news/section?pz=1&cf=all&ned=in&hl=en&q=2014+Commonwealth+Games&ict=clu_bl


/news/section?pz=1&cf=all&ned=in&hl=en&q=Commonwealth+Games&ict=clu_bl


/news/section?pz=1&cf=all&ned=in&hl=en&q=Glasgow&ict=clu_bl


/news/section?pz=1&cf=all&ned=in&hl=en&q=2014+Commonwealth+Games&ict=clu_bl"SportsÂ Â»,Hopes high from Indian shuttlers at Commonwealth Games,"With defending champion Saina Nehwal skipping the 20th Commonwealth Games, India will be pinning their hopes on P.V. Sindhu, Parupalli Kashyap and the pair of Jwala Gutta and Ashwini Ponnappa to repeat their success in badminton that they achievedÂ ...",http://www.hindustantimes.com/sports-news/commonwealthgames2014glasgow/hopes-high-from-indian-shuttlers-at-commonwealth-games/article1-1243044.aspx,http://www.hindustantimes.com/sports-news/commonwealthgames2014glasgow/hopes-high-from-indian-shuttlers-at-commonwealth-games/article1-1243044.aspx,"http://www.khelnama.com/140722/others/news/cwg-sindhu-leads-strong-indian-challenge-badminton-glasgow/16105


http://www.mid-day.com/articles/pv-sindhu-can-win-gold-at-commonwealth-games-pullela-gopichand/15464193",,,,,,"/news/section?pz=1&cf=all&ned=in&hl=en&q=Saina+Nehwal&ict=clu_bl


/news/section?pz=1&cf=all&ned=in&hl=en&q=Saina+Nehwal&ict=clu_bl"SportsÂ Â»,Bhutia unhappy with ISL pay package,Former India football captain Bhaichung Bhutia is not particularly happy with the pay packages on offer in the much-awaited Indian Super League but insists that the event won't be detrimental to the sport either.,http://www.thehindu.com/sport/football/bhutia-unhappy-with-isl-pay-package/article6237833.ece,http://www.thehindu.com/sport/football/bhutia-unhappy-with-isl-pay-package/article6237833.ece,"http://www.thesportscampus.com/2014072236555/news-bytes/indian-soccer-league-day-1-draft


http://www.goal.com/en-india/news/7083/isl/2014/07/22/4975574/isl-to-be-completed-by-december-7th-knee",,,,,,ScienceÂ Â»,India's Mars orbiter completes 80% of its voyage,The first Indian Mars Orbiter spacecraft has to cover just 20 per cent of its journey to the red planet and about 60 days to go before it is put into an orbit around Mars on September 24.,http://www.thehindu.com/sci-tech/science/indias-mars-orbiter-completes-80-of-its-voyage/article6237832.ece,http://www.thehindu.com/sci-tech/science/indias-mars-orbiter-completes-80-of-its-voyage/article6237832.ece,"http://www.firstpost.com/india/indias-mars-orbiter-completes-80-percent-journey-1628891.html


http://nvonews.com/indias-mars-orbiter-nearing-red-planet-travelled-540-million-kms/",,,,,,"/news/section?pz=1&cf=all&ned=in&hl=en&q=Indian+Space+Research+Organisation&ict=clu_bl


/news/section?pz=1&cf=all&ned=in&hl=en&q=Indian+Space+Research+Organisation&ict=clu_bl"ScienceÂ Â»,Army team proves their mettle in cycling,A 10-member team from the Indian Army has successfully completed a 700-km cycling expedition across the Himalayan Range along the India-China border.,http://www.thehindu.com/news/cities/kolkata/army-team-proves-their-mettle-in-cycling/article6233082.ece,http://www.thehindu.com/news/cities/kolkata/army-team-proves-their-mettle-in-cycling/article6233082.ece,"http://www.ibtimes.co.in/indian-army-team-cycles-700-km-most-dangerous-landscapes-along-teesta-river-604972


http://www.business-standard.com/article/pti-stories/army-men-finish-super-high-altitude-cycling-expedition-114072000286_1.html",,,,"Tracing the course of the Teesta on bicycles, Indian Army seeks inclusion in 


 - by ","http://timesofindia.indiatimes.com/india/Tracing-the-course-of-the-Teesta-on-bicycles-Indian-Army-seeks-inclusion-in-records-book/articleshow/38755249.cms


https://plus.google.com/115181942512266019919/posts","/news/section?pz=1&cf=all&ned=in&hl=en&q=Indian+Army&ict=clu_bl


/news/section?pz=1&cf=all&ned=in&hl=en&q=Cycling&ict=clu_bl


/news/section?pz=1&cf=all&ned=in&hl=en&q=Indian+Army&ict=clu_bl


/news/section?pz=1&cf=all&ned=in&hl=en&q=Cycling&ict=clu_bl"HealthÂ Â»,Scientists 'delete' HIV virus from human DNA for the first time,"It inserts its deadly genome permanently into its victims' DNA, forcing them to be hooked on drugs for life. But now, for the first time, researchers in Philadelphia have found a way to completely delete HIV from human cells by 'snipping' them out.",http://www.dailymail.co.uk/sciencetech/article-2701304/Scientists-delete-HIV-virus-human-DNA-time.html,http://www.dailymail.co.uk/sciencetech/article-2701304/Scientists-delete-HIV-virus-human-DNA-time.html,"http://www.heraldsun.com.au/news/cancer-drug-wakes-up-hiv-so-immune-system-can-kill-it-trial-shows/story-fni0fiyv-1226997973258


http://www.theaustralian.com.au/news/latest-news/melbourne-aids-summit-holds-mh17-vigil/story-fn3dxiwe-1226997909069",,,,,,"/news/section?pz=1&cf=all&ned=in&hl=en&q=HIV&ict=clu_bl


/news/section?pz=1&cf=all&ned=in&hl=en&q=HIV&ict=clu_bl"HealthÂ Â»,Fatty food may cause loss of smell,This may look like very far-fetched to many. But it is true. A latest research has concluded that fatty food may cause loss of smell.,http://nvonews.com/fatty-food-may-cause-loss-of-smell/,http://nvonews.com/fatty-food-may-cause-loss-of-smell/,"http://www.business-standard.com/article/news-ani/how-high-fat-diet-could-inhibit-sense-of-smell-revealed-114072200579_1.html


http://www.delhidailynews.com/news/Fatty-food-can-cause-loss-of-smell-1406022339/",,,,,,"/news/section?pz=1&cf=all&ned=in&hl=en&q=Olfaction&ict=clu_bl


/news/section?pz=1&cf=all&ned=in&hl=en&q=Olfaction&ict=clu_bl"